team,conference,host,stats_base_url,platform,matched_school_name,n_players_2025_26
Adams State,RMAC,asugrizzlies.com,https://asugrizzlies.com/sports/mens-basketball/stats,sidearm,"Alexander, Jaylen",10
Adelphi,NE-10,aupanthers.com,https://aupanthers.com/sports/mens-basketball/stats,sidearm,"Brown, Reece",8
Alabama–Huntsville,GSC,uahchargers.com,https://uahchargers.com/sports/mens-basketball/stats,sidearm,"Allard, Thomas",9
Alaska Anchorage,GNAC,goseawolves.com,https://goseawolves.com/sports/mens-basketball/stats,sidearm,"Coleman, Jeremiah",10
Alaska Fairbanks,GNAC,alaskananooks.com,https://alaskananooks.com/sports/mens-basketball/stats,sidearm,"Amaro, Joel",10
Albany State GA,SIAC,asugoldenrams.com,https://asugoldenrams.com/sports/mens-basketball/stats,sidearm,"Edwards, Jeremiah",8
Allen,SIAC,auyellowjackets.com,https://auyellowjackets.com/sports/mens-basketball/stats,sidearm,"Bell, Tavaris",14
American International,NE-10,aicyellowjackets.com,https://aicyellowjackets.com/sports/mens-basketball/stats,sidearm,"Balde, Aguibou",11
Anderson SC,SAC,autrojans.com,https://autrojans.com/sports/mens-basketball/stats,sidearm,"Dawkins, Kadyn",9
Angelo State,LSC,angelosports.com,https://angelosports.com/sports/mens-basketball/stats,sidearm,"Barry, Jabbari",11
Arkansas Tech,GAC,arkansastechsports.com,https://arkansastechsports.com/sports/mens-basketball/stats,sidearm,"Augustus, Damon",9
Arkansas–Fort Smith,MIAA,uafortsmithlions.com,https://uafortsmithlions.com/sports/mens-basketball/stats,sidearm,"Black, Donovan",12
Arkansas–Monticello,GAC,www.uamsports.com,https://www.uamsports.com/sports/mens-basketball/stats,sidearm,"Bastianoni, Giancarlo",8
Ashland,G-MAC,goashlandeagles.com,https://goashlandeagles.com/sports/mens-basketball/stats,sidearm,"Davis, Cooper",9
Assumption College,NE-10,assumptiongreyhounds.com,https://assumptiongreyhounds.com/sports/mens-basketball/stats,sidearm,"Cunningham-Pemberton, Tayeshawn",8
Auburn Montgomery,GSC,aumathletics.com,https://aumathletics.com/sports/mens-basketball/stats,sidearm,"Barksdale, Devin",12
Augusta University,PBC,augustajags.com,https://augustajags.com/sports/mens-basketball/stats,sidearm,"Baker, TJ",11
Augustana College,NSIC,goaugie.com,https://goaugie.com/sports/mens-basketball/stats,sidearm,"Ferguson, Tameron",8
Azusa Pacific,,athletics.apu.edu,https://athletics.apu.edu/sports/mens-basketball/stats,sidearm,"Aisien, Tobias",10
Barry,Sunshine State,gobarrybucs.com,https://gobarrybucs.com/sports/mens-basketball/stats,sidearm,"Benitez, Jose",13
Barton,Carolinas,bartonbulldogs.com,https://bartonbulldogs.com/sports/mens-basketball/stats,sidearm,"Davis, Isaiah",8
Belmont Abbey,Carolinas,abbeyathletics.com,https://abbeyathletics.com/sports/mens-basketball/stats,sidearm,"Burnett, Elijah",10
Bemidji State,NSIC,bsubeavers.com,https://bsubeavers.com/sports/mens-basketball/stats,sidearm,"Fairbanks, Dominic",9
Benedict College,SIAC,benedicttigers.com,https://benedicttigers.com/sports/mens-basketball/stats,sidearm,"Anderson, Tareeq",9
Bentley,NE-10,bentleyfalcons.com,https://bentleyfalcons.com/sports/mens-basketball/stats,sidearm,"Carroll, Joe",8
Biola,,athletics.biola.edu,https://athletics.biola.edu/sports/mens-basketball/stats,sidearm,"Aranda, Facundo",9
Black Hills,RMAC,bhsuathletics.com,https://bhsuathletics.com/sports/mens-basketball/stats,sidearm,"Hackley, Jaeton",10
Bloomsburg,PSAC,bloomsburgathletics.com,https://bloomsburgathletics.com/sports/mens-basketball/stats,sidearm,"Davis II, Courtney",10
Bluefield St.,CIAA,gobstate.com,https://gobstate.com/sports/mens-basketball/stats,sidearm,"Beloti, Jayden",8
Bowie State,CIAA,bsubulldogs.com,https://bsubulldogs.com/sports/mens-basketball/stats,sidearm,"Allen, Joseph",11
Bridgeport,,,,manual_presto_category_stitch,Brandon Manirakiza,22
CSU Pueblo,RMAC,gothunderwolves.com,https://gothunderwolves.com/sports/mens-basketball/stats,sidearm,"Adam, Ty",8
CSULA,CCAA,lagoldeneagles.com,https://lagoldeneagles.com/sports/mens-basketball/stats,sidearm,"Agbaosi, Deraje",9
Cal St East Bay,,eastbaypioneers.com,https://eastbaypioneers.com/sports/mens-basketball/stats,sidearm,"Bush, Jaayden",9
Cal St San Bernardino,,csusbathletics.com,https://csusbathletics.com/sports/mens-basketball/stats,sidearm,"Anderson II, Amound",11
Cal State Humboldt,,humboldtathletics.com,https://humboldtathletics.com/sports/mens-basketball/stats,sidearm,"Ardouin, Drew",9
Caldwell,CACC,caldwellathletics.com,https://caldwellathletics.com/sports/mens-basketball/stats,sidearm,"Bull, Jaryn",9
California PA,PSAC,calvulcans.com,https://calvulcans.com/sports/mens-basketball/stats,sidearm,"Alexander, Dalman",9
Cameron,LSC,cameronaggies.com,https://cameronaggies.com/sports/mens-basketball/stats,sidearm,"Atazhoon, Quinn",10
Carson Newman,,,,generic,"Bilbrey, Matt",13
Catawba,SAC,catawbaathletics.com,https://catawbaathletics.com/sports/mens-basketball/stats,sidearm,"Athie, Ibra",9
Cedarville,G-MAC,yellowjackets.cedarville.edu,https://yellowjackets.cedarville.edu/sports/mens-basketball/stats,sidearm,"Blair III, Curtis",9
Central Missouri,MIAA,ucmathletics.com,https://ucmathletics.com/sports/mens-basketball/stats,sidearm,"Fikes, Deadric",9
Central Oklahoma,MIAA,bronchosports.com,https://bronchosports.com/sports/mens-basketball/stats,sidearm,"Averitt, Ben",9
Central State OH,SIAC,maraudersports.com,https://maraudersports.com/sports/mens-basketball/stats,sidearm,"Bays, Micah",13
Central Washington,GNAC,wildcatsports.com,https://wildcatsports.com/sports/mens-basketball/stats,sidearm,"Childs, Jalen",11
Chadron State,,chadroneagles.com,https://chadroneagles.com/sports/mens-basketball/stats,sidearm,"Adesipe, Blessing",12
Chaminade,PacWest,goswords.com,https://goswords.com/sports/mens-basketball/stats,sidearm,"Banks II, Roland",7
Chestnut Hill,CACC,griffinathletics.com,https://griffinathletics.com/sports/mens-basketball/stats,sidearm,"Baker, Marshall",11
Chico State,,chicowildcats.com,https://chicowildcats.com/sports/mens-basketball/stats,sidearm,"Brewington, Isaiah",8
Chowan,Carolinas,gocuhawks.com,https://gocuhawks.com/sports/mens-basketball/stats,sidearm,"Bailey, Dominique",8
Christian Brothers,GSC,cbubucs.com,https://cbubucs.com/sports/mens-basketball/stats,sidearm,"Briles, Bennett",10
Claflin,CIAA,athletics.claflin.edu,https://athletics.claflin.edu/sports/mens-basketball/stats,sidearm,"Atkinson , Alex",11
Clarion,PSAC,clariongoldeneagles.com,https://clariongoldeneagles.com/sports/mens-basketball/stats,sidearm,"Cote, Gavin",9
Clark Atlanta,SIAC,clarkatlantasports.com,https://clarkatlantasports.com/sports/mens-basketball/stats,sidearm,"Cayne, Kharye",13
Clayton State,PBC,claytonstatesports.com,https://claytonstatesports.com/sports/mbball/stats/2025-26?path=mbball,sidearm,"Aleem, Jamil",12
Coker,,,,manual_presto_category_stitch,Aaron Hall,15
Colorado Christian,RMAC,ccucougars.com,https://ccucougars.com/sports/mens-basketball/stats,sidearm,"Bazil, Pierce",10
Colorado Mesa,,cmumavericks.com,https://cmumavericks.com/sports/mens-basketball/stats,sidearm,"Allred, Ty",9
Colorado Mines,RMAC,minesathletics.com,https://minesathletics.com/sports/mens-basketball/stats,sidearm,"Cordonnier, Will",11
Colorado Springs,,gomountainlions.com,https://gomountainlions.com/sports/mens-basketball/stats,sidearm,"Abdur-Razaaq, Marzouq",11
Columbus State,PBC,csucougars.com,https://csucougars.com/sports/mens-basketball/stats,sidearm,"Hall, Jydon",9
Concord,MEC,cumountainlions.com,https://cumountainlions.com/sports/mens-basketball/stats,sidearm,"Djigo, Boubacar",10
Concordia,,cuigoldeneagles.com,https://cuigoldeneagles.com/sports/mens-basketball/stats,sidearm,"Corbett, Nick",8
Concordia–St. Paul,NSIC,cspbears.com,https://cspbears.com/sports/mens-basketball/stats,sidearm,"Burks, Marcus",8
Converse,Carolinas,govalkyries.com,https://govalkyries.com/sports/mens-basketball/stats,sidearm,"Brownell, Ethan",11
DYouville,ECC,dyusaints.com,https://dyusaints.com/sports/mens-basketball/stats,sidearm,"Andrice, Nathan",11
Daemen College,ECC,daemenwildcats.com,https://daemenwildcats.com/sports/mens-basketball/stats,sidearm,"Bill, Benjamin",8
Dallas Baptist,LSC,dbupatriots.com,https://dbupatriots.com/sports/mens-basketball/stats,sidearm,"Borden, AJ",11
Davenport,GLIAC,dupanthers.com,https://dupanthers.com/sports/mens-basketball/stats,sidearm,"Deen, Imran",10
Davis Elkins,MEC,senatornation.com,https://senatornation.com/sports/mens-basketball/stats,sidearm,"Adamczyk, Noah",10
Delta State,GSC,gostatesmen.com,https://gostatesmen.com/sports/mens-basketball/stats,sidearm,"Braddix, Brendan",9
Denver Metropolitan,RMAC,roadrunnersathletics.com,https://roadrunnersathletics.com/sports/mens-basketball/stats,sidearm,"Barker, Jacob",11
District of Columbia,ECC,www.udcfirebirds.com,https://www.udcfirebirds.com/sports/mbkb/2025-26/teams/distcolumbia?view=lineup,generic,Arthur Roache,11
Dominguez Hills,CCAA,gotoros.com,https://gotoros.com/sports/mens-basketball/stats,sidearm,"Bernard-lopez, Isaiah",9
Dominican,PacWest,dominicanathletics.com,https://dominicanathletics.com/sports/mens-basketball/stats,sidearm,"Best, Darius",10
Dominican NY,,,,manual_presto_category_stitch,Chance Morrish,18
Drury,GLVC,drurypanthers.com,https://drurypanthers.com/sports/mens-basketball/stats,sidearm,"Epps, Keion",10
East Central,GAC,ecutigers.com,https://ecutigers.com/sports/mens-basketball/stats,sidearm,"Coffey, Rustin",10
East Stroudsburg,PSAC,esuwarriors.com,https://esuwarriors.com/sports/mens-basketball/stats,sidearm,"Brito, Adrian",12
Eastern New Mexico,LSC,goeasternathletics.com,https://goeasternathletics.com/sports/mens-basketball/stats,sidearm,"Abrams, Austin",9
Eckerd,Sunshine State,eckerdtritons.com,https://eckerdtritons.com/sports/mens-basketball/stats,sidearm,"Baker, Koa",10
Edinboro,PSAC,gofightingscots.com,https://gofightingscots.com/sports/mens-basketball/stats/2025-26?path=mbball,sidearm,"Anderson, Jonathan",8
Edward Waters,SIAC,ewutigerpride.com,https://ewutigerpride.com/sports/mens-basketball/stats,sidearm,"Barbee, Ty",13
Elizabeth City State,CIAA,ecsuvikings.com,https://ecsuvikings.com/sports/mens-basketball/stats,sidearm,"Coleman, Kuron",12
Embry–Riddle,Sunshine State,erauathletics.com,https://erauathletics.com/sports/mens-basketball/stats,sidearm,"Barr, Dawson",9
Emmanuel GA,Carolinas,goeulions.com,https://goeulions.com/sports/mens-basketball/stats,sidearm,"Jones, Isaac",10
Emory Henry,SAC,www.gowasps.com,https://www.gowasps.com/sports/mbkb/2025-26/teams/emoryhenry,generic,Assad Madassalia,8
Emporia State,MIAA,esuhornets.com,https://esuhornets.com/sports/mens-basketball/stats,sidearm,"Bear, Dallas",11
Erskine,Carolinas,erskinesports.com,https://erskinesports.com/sports/mens-basketball/stats,sidearm,"Bruce, Valerian",10
Fairmont State,MEC,fightingfalcons.com,https://fightingfalcons.com/sports/mens-basketball/stats,sidearm,"Brown, Joey",8
Fayetteville State,CIAA,fsubroncos.com,https://fsubroncos.com/sports/mens-basketball/stats,sidearm,"Aquino, Romeo",8
Felician College,CACC,felicianathletics.com,https://felicianathletics.com/sports/mens-basketball/stats,sidearm,"Anderson, Jeremiah",12
Ferris State,GLIAC,www.ferrisstatebulldogs.com,https://www.ferrisstatebulldogs.com/sports/mbkb/2025-26/teams/ferrisst,generic,Brandon Claerbaut,12
Ferrum,Carolinas,ferrumpanthers.com,https://ferrumpanthers.com/sports/mens-basketball/stats,sidearm,"Abel-Rivera, Alfredo",9
Findlay,G-MAC,findlayoilers.com,https://findlayoilers.com/sports/mens-basketball/stats,sidearm,"Bishop, Jake",11
Flagler,PBC,flaglerathletics.com,https://flaglerathletics.com/sports/mens-basketball/stats,sidearm,"Andrews, Camden",10
Florida Southern,Sunshine State,fscmocs.com,https://fscmocs.com/sports/mens-basketball/stats,sidearm,"Corso, Brady",8
Florida Tech,Sunshine State,floridatechsports.com,https://floridatechsports.com/sports/mens-basketball/stats,sidearm,"Daulerio, Matt",11
Fort Hays State,MIAA,fhsuathletics.com,https://fhsuathletics.com/sports/mens-basketball/stats,sidearm,"Danitschek, Blake",9
Fort Lewis,RMAC,goskyhawks.com,https://goskyhawks.com/sports/mens-basketball/stats,sidearm,"Bangham, Jr., Donald",10
Fort Valley State,SIAC,fvsusports.com,https://fvsusports.com/sports/mens-basketball/stats,sidearm,"Davies, Prince",11
Francis Marion,Carolinas,fmupatriots.com,https://fmupatriots.com/sports/mens-basketball/stats,sidearm,"Alevok, Duncan",10
Franklin Pierce,NE-10,fpuravens.com,https://fpuravens.com/sports/mens-basketball/stats,sidearm,"Anene, Aaron",12
Fresno Pacific,CCAA,www.fpuathletics.com,https://www.fpuathletics.com/sports/mens-basketball/stats,sidearm,"Brown, Seth",11
Frostburg State,MEC,frostburgsports.com,https://frostburgsports.com/sports/mens-basketball/stats/2025-26?path=mbball,sidearm,"Burrows, Blake",9
Gannon,PSAC,gannonsports.com,https://gannonsports.com/sports/mens-basketball/stats,sidearm,"Calloway, Jaden",9
Georgia College,PBC,gcsubobcats.com,https://gcsubobcats.com/sports/mens-basketball/stats,sidearm,"Bolden, Gabe",10
Georgia Southwestern State,PBC,gswcanes.com,https://gswcanes.com/sports/mens-basketball/stats,sidearm,"Brown Jr., Keshawn",8
Georgian Court,CACC,gculions.com,https://gculions.com/sports/mens-basketball/stats,sidearm,"Ajeigbe, Tesneem",14
Glenville State,MEC,gstatepioneers.com,https://gstatepioneers.com/sports/mens-basketball/stats,sidearm,"Boulden, Corey",8
Goldey–Beacom,CACC,gbcathletics.com,https://gbcathletics.com/sports/mens-basketball/stats,sidearm,"Akande, Anthony",9
Grand Valley State,GLIAC,gvsulakers.com,https://gvsulakers.com/sports/mens-basketball/stats,sidearm,"Alderink, Ethan",8
Harding,GAC,hardingsports.com,https://hardingsports.com/sports/mens-basketball/stats,sidearm,"Booker, Wesley",8
Hawaii Hilo,,hiloathletics.com,https://hiloathletics.com/sports/mens-basketball/stats,sidearm,"Davis, Brody",9
Hawaii Pacific,,hpusharks.com,https://hpusharks.com/sports/mens-basketball/stats,sidearm,"Dusanic, Maj",8
Henderson State,GAC,hsusports.com,https://hsusports.com/sports/mens-basketball/stats,sidearm,"Elgas, James",10
Hillsdale MI,,hillsdalechargers.com,https://hillsdalechargers.com/sports/mens-basketball/stats,sidearm,"Bolte, Garrett",9
Holy Family,CACC,athletics.holyfamily.edu,https://athletics.holyfamily.edu/sports/mens-basketball/stats,sidearm,"Bethea, Semaj",9
Illinois–Springfield,GLVC,uisprairiestars.com,https://uisprairiestars.com/sports/mens-basketball/stats,sidearm,"Banks, Tye",11
Indiana University of Pennsylvania,PSAC,iupathletics.com,https://iupathletics.com/sports/mens-basketball/stats,sidearm,"Brooks, Damir",9
Indianapolis,GLVC,athletics.uindy.edu,https://athletics.uindy.edu/sports/mens-basketball/stats,sidearm,"Amoako, Kelvin",11
Jamestown,,jimmiepride.com,https://jimmiepride.com/sports/mens-basketball/stats,sidearm,"Austin , Zeke",10
Jefferson,,jeffersonrams.com,https://jeffersonrams.com/sports/mens-basketball/stats,sidearm,"Bates IV, Alex",10
Jessup,,,,sidearm,"Cherfan, Marc",15
Johnson C Smith,,,,sidearm,"Bryant, Jamauri",14
Kentucky State,SIAC,ksuthorobreds.com,https://ksuthorobreds.com/sports/mens-basketball/stats,sidearm,"Blackwell, Aziel",11
Kentucky Wesleyan,G-MAC,kwcpanthers.com,https://kwcpanthers.com/sports/mens-basketball/stats/2025-26?path=mbball,sidearm,"Faulkner, JJ",9
King,,,,sidearm,"Acevedo, Luis",17
Kutztown,PSAC,kubears.com,https://kubears.com/sports/mens-basketball/stats,sidearm,"Banks, Omari",10
Lake Erie,G-MAC,lakeeriestorm.com,https://lakeeriestorm.com/sports/mens-basketball/stats,sidearm,"Bishko, Trace",11
Lake Superior,GLIAC,lssulakers.com,https://lssulakers.com/sports/mens-basketball/stats,sidearm,"Carter-Smith, Nino",10
Lander,PBC,landerbearcats.com,https://landerbearcats.com/sports/mens-basketball/stats,sidearm,"Canoville, Dylan",9
Lane,SIAC,golcdragons.com,https://golcdragons.com/sports/mens-basketball/stats,sidearm,"Bell, Xavier",9
LeMoyne Owen College,,athletics.loc.edu,https://athletics.loc.edu/sports/mens-basketball/stats,sidearm,"Bratcher, Desmond",12
Lee University,GSC,leeuflames.com,https://leeuflames.com/sports/mens-basketball/stats,sidearm,"Anderson, Dayveun",7
Lees-McRae,,,,sidearm,"Agu, Daniel",20
Lenoir–Rhyne,SAC,lrbears.com,https://lrbears.com/sports/mens-basketball/stats,sidearm,"Burraston, Tyler",9
Lewis,GLVC,lewisflyers.com,https://lewisflyers.com/sports/mens-basketball/stats,sidearm,"Albert, Collin",11
Lincoln,GLVC,lubluetigers.com,https://lubluetigers.com/sports/mens-basketball/stats,sidearm,"Biembongo, Matthieu",11
Lincoln (PA),CIAA,lulions.com,https://lulions.com/sports/mens-basketball/stats,sidearm,"Anderson, Gian-Paul",11
Lincoln Memorial,SAC,lmurailsplitters.com,https://lmurailsplitters.com/sports/mens-basketball/stats,sidearm,"Campbell, Walter",10
Livingstone,CIAA,bluebearathletics.com,https://bluebearathletics.com/sports/mens-basketball/stats,sidearm,"Bodrick, Omarion",10
Lock Haven,,,,sidearm,"Angellotti, Blaze",14
Lubbock Christian,LSC,lcuchaps.com,https://lcuchaps.com/sports/mens-basketball/stats,sidearm,"Anamekwe, Alex",8
Lynn,,lynnfightingknights.com,https://lynnfightingknights.com/sports/mens-basketball/stats,sidearm,"Baron, JP",9
Malone,G-MAC,malonepioneers.com,https://malonepioneers.com/sports/mens-basketball/stats,sidearm,"Aljancic, Tate",11
Mansfield,PSAC,gomounties.com,https://gomounties.com/sports/mens-basketball/stats,sidearm,"Barrett, Ty",11
Mars Hill,SAC,www.marshilllions.com,https://www.marshilllions.com/sports/mbkb/2025-26/teams/marshill?view=lineup,prestosports,Alejandro Ford,11
Maryville,GLVC,maryvillesaints.com,https://maryvillesaints.com/sports/mens-basketball/stats,sidearm,"Ballard, Greg",12
McKendree,,mckbearcats.com,https://mckbearcats.com/sports/mens-basketball/stats,sidearm,"Burton, Caleb",10
Menlo,,menloathletics.com,https://menloathletics.com/sports/mens-basketball/stats,sidearm,"Beesley, Jamison ""JD""",10
Merced,CCAA,ucmercedbobcats.com,https://ucmercedbobcats.com/sports/mens-basketball/stats,sidearm,"Charles, Elijah",9
Mercy College,ECC,mercyathletics.com,https://mercyathletics.com/sports/mens-basketball/stats,sidearm,"Boateng, Daniel",11
Michigan Tech,GLIAC,michigantechhuskies.com,https://michigantechhuskies.com/sports/mens-basketball/stats,sidearm,"Abel, Nate",9
Middle Georgia,,mgaknights.com,https://mgaknights.com/sports/mens-basketball/stats,sidearm,"Atwal, Krishen",10
Midwestern State,LSC,msumustangs.com,https://msumustangs.com/sports/mens-basketball/stats,sidearm,"Butler, Davyon",12
Miles College,,milesgoldenbears.com,https://milesgoldenbears.com/sports/mens-basketball/stats,sidearm,"Emory, Jaden",10
Millersville University,PSAC,millersvilleathletics.com,https://millersvilleathletics.com/sports/mens-basketball/stats/2025,sidearm,"Ali, Saraj",9
Minnesota State Mankato,NSIC,msumavericks.com,https://msumavericks.com/sports/mens-basketball/stats,sidearm,"Bartlett, Chase",14
Minnesota State–Moorhead,NSIC,msumdragons.com,https://msumdragons.com/sports/mens-basketball/stats,sidearm,"Beeninga, Eddie",11
Minnesota–Crookston,NSIC,goldeneaglesports.com,https://goldeneaglesports.com/sports/mens-basketball/stats,sidearm,"Carlson, Brayden",13
Minnesota–Duluth,NSIC,umdbulldogs.com,https://umdbulldogs.com/sports/mens-basketball/stats,sidearm,"Fowlkes, Jackson",8
Minot State,NSIC,msubeavers.com,https://msubeavers.com/sports/mens-basketball/stats,sidearm,"Alexander, Isaiah",9
Mississippi Christian,,gochoctaws.com,https://gochoctaws.com/sports/mens-basketball/stats,sidearm,"Bridges, Marcel",9
Missouri S&T,GLVC,minerathletics.com,https://minerathletics.com/sports/mens-basketball/stats,sidearm,"Beauchamp, Blaise",9
Missouri Southern State,,mssulions.com,https://mssulions.com/sports/mens-basketball/stats,sidearm,"Atwater, Isaiah",12
Missouri Western,MIAA,gogriffons.com,https://gogriffons.com/sports/mens-basketball/stats,sidearm,"Butler, Devin",8
Missouri-St. Louis,,umsltritons.com,https://umsltritons.com/sports/mens-basketball/stats,sidearm,"Boland, Miles",9
Molloy,ECC,molloylions.com,https://molloylions.com/sports/mens-basketball/stats,sidearm,"Alford, Manu",10
Montana State,,msubsports.com,https://msubsports.com/sports/mens-basketball/stats,sidearm,"Cox, Croix",8
Monterey Bay,CCAA,otterathletics.com,https://otterathletics.com/sports/mens-basketball/stats,sidearm,"Bilello, Joey",9
Montevallo,GSC,montevallofalcons.com,https://montevallofalcons.com/sports/mens-basketball/stats,sidearm,"Curry, Jaylen",8
Morehouse,SIAC,morehouseathletics.com,https://morehouseathletics.com/sports/mens-basketball/stats,sidearm,"Brazelton, Robert",11
Mount Olive,Carolinas,umotrojans.com,https://umotrojans.com/sports/mens-basketball/stats,sidearm,"Alston, Jaevian",11
Nebraska–Kearney,MIAA,lopers.com,https://lopers.com/sports/mens-basketball/stats,sidearm,"Brown, Zeek",10
New Mexico,,nmhuathletics.com,https://nmhuathletics.com/sports/mens-basketball/stats,sidearm,"Adedigba, Ramiah",11
Newberry,SAC,newberrywolves.com,https://newberrywolves.com/sports/mens-basketball/stats,sidearm,"Demirov, AJ",9
Newman University,,newmanjets.com,https://newmanjets.com/sports/mens-basketball/stats,sidearm,"Clayton, Trae",15
North Georgia,PBC,ungathletics.com,https://ungathletics.com/sports/mens-basketball/stats,sidearm,"Akwiwu, Stephen",10
North Greenville,,,,sidearm,"Bobbitt, Carter",14
Northeastern State,MIAA,goriverhawksgo.com,https://goriverhawksgo.com/sports/mens-basketball/stats,sidearm,"Blackmon, Ethan",9
Northern Michigan,GLIAC,nmuwildcats.com,https://nmuwildcats.com/sports/mens-basketball/stats,sidearm,"Allen, Isaiah",9
Northern State,NSIC,nsuwolves.com,https://nsuwolves.com/sports/mens-basketball/stats,sidearm,"Akena, Simon",9
Northwest Missouri State,MIAA,bearcatsports.com,https://bearcatsports.com/sports/mens-basketball/stats,sidearm,"Abdul-Hamid, Mikhail",11
Northwest Nazarene,GNAC,nnusports.com,https://nnusports.com/sports/mens-basketball/stats,sidearm,"Byers, Jaden",11
Northwestern Oklahoma State,GAC,riderangersride.com,https://riderangersride.com/sports/mens-basketball/stats,sidearm,"Alexander, Max",9
Northwood MI,,,,manual_presto_category_stitch,Andrew Smith,16
Nova Southeastern,Sunshine State,nsusharks.com,https://nsusharks.com/sports/mens-basketball/stats,sidearm,"Allen, Eli",9
Ohio Dominican,G-MAC,ohiodominicanpanthers.com,https://ohiodominicanpanthers.com/sports/mens-basketball/stats,sidearm,"Broughton, Terrance",9
Oklahoma Baptist,GAC,obubison.com,https://obubison.com/sports/mens-basketball/stats,sidearm,"Coner Jr., Terry",8
Oklahoma Christian,LSC,oceagles.com,https://oceagles.com/sports/mens-basketball/stats,sidearm,"Bailey, Elijah",8
Ouachita Baptist,GAC,obutigers.com,https://obutigers.com/sports/mens-basketball/stats,sidearm,"Conley, Jaxon",8
Pace,NE-10,paceuathletics.com,https://paceuathletics.com/sports/mens-basketball/stats,sidearm,"Davidson, Paxton",9
Palm Beach Atlantic,,pbasailfish.com,https://pbasailfish.com/sports/mens-basketball/stats,sidearm,"Burton, Tyler",10
Parkside,,parksiderangers.com,https://parksiderangers.com/sports/mens-basketball/stats,sidearm,"Behn, Zach",12
Pitt Johnstown,,pittjohnstownathletics.com,https://pittjohnstownathletics.com/sports/mens-basketball/stats,sidearm,"Bilinsky, Adam",8
Pittsburg State,MIAA,pittstategorillas.com,https://pittstategorillas.com/sports/mens-basketball/stats,sidearm,"Coats, Donald",9
Point Loma,,plnusealions.com,https://plnusealions.com/sports/mens-basketball/stats,sidearm,"Harris, Caden",9
Point Park,,pointparksports.com,https://pointparksports.com/sports/mens-basketball/stats,sidearm,"Anderson, Aidan",10
Pomona,CCAA,broncoathletics.com,https://broncoathletics.com/sports/mens-basketball/stats,sidearm,"Bell, Malcolm",11
Post,CACC,posteagles.com,https://posteagles.com/sports/mens-basketball/stats,sidearm,"Akok, Deng",10
Purdue Northwest,GLIAC,pnwathletics.com,https://pnwathletics.com/sports/mens-basketball/stats,sidearm,"Abdelkarim, Kwat",8
Queens College,,queensknights.com,https://queensknights.com/sports/mens-basketball/stats,sidearm,"Campbell, Tahj-Malik",9
Quincy,,quhawks.com,https://quhawks.com/sports/mens-basketball/stats,sidearm,"Bolton, Ethan",9
Regis,RMAC,regisrangers.com,https://regisrangers.com/sports/mens-basketball/stats,sidearm,"Brizendine, Raheem",13
Roberts Wesleyan College,ECC,robertsredhawks.com,https://robertsredhawks.com/sports/mens-basketball/stats,sidearm,"Alshami, Hadi",11
Rockhurst,GLVC,rockhursthawks.com,https://rockhursthawks.com/sports/mens-basketball/stats,sidearm,"Deaver, Micah",8
Rogers State,MIAA,rsuhillcats.com,https://rsuhillcats.com/sports/mens-basketball/stats,sidearm,"Anderson, Jabryn",8
Rollins,Sunshine State,rollinssports.com,https://rollinssports.com/sports/mens-basketball/stats,sidearm,"Figueroa, Omar",9
Roosevelt,GLIAC,rooseveltlakers.com,https://rooseveltlakers.com/sports/mens-basketball/stats,sidearm,"Bowers, Hamahrie",10
Saginaw Valley,,svsucardinals.com,https://svsucardinals.com/sports/mens-basketball/stats,sidearm,"Duran, Aidan",11
Saint Anselm,NE-10,saintanselmhawks.com,https://saintanselmhawks.com/sports/mens-basketball/stats,sidearm,"Davies, Will",8
Saint Leo,Sunshine State,saintleolions.com,https://saintleolions.com/sports/mens-basketball/stats,sidearm,"Ansah, Matt",10
Saint Martins,GNAC,smusaints.com,https://smusaints.com/sports/mens-basketball/stats,sidearm,"Clegg Jr, Mark",11
Saint Michaels,,,,sidearm,"Andersson, Sebastian",16
Salem,,salemtigers.com,https://salemtigers.com/sports/mens-basketball/stats,sidearm,"Birchett, Zeke",8
San Francisco State,,sfstategators.com,https://sfstategators.com/sports/mens-basketball/stats,sidearm,"Buciak , Bricen",10
San Marcos,CCAA,csusmcougars.com,https://csusmcougars.com/sports/mens-basketball/stats,sidearm,"Boone, Micah",10
Savannah State,SIAC,ssuathletics.com,https://ssuathletics.com/sports/mens-basketball/stats,sidearm,"Chigano, Ladarrius",10
Seattle Pacific,GNAC,spufalcons.com,https://spufalcons.com/sports/mens-basketball/stats,sidearm,"Coleman, Grant",9
Seton Hill,PSAC,athletics.setonhill.edu,https://athletics.setonhill.edu/sports/mens-basketball/stats,sidearm,"Belade, Brian",10
Shaw,CIAA,shawbears.com,https://shawbears.com/sports/mens-basketball/stats,sidearm,"Abraham, Darius",9
Shawnee State,,ssubears.com,https://ssubears.com/sports/mens-basketball/stats,sidearm,"Aw, Ahmadou",9
Shepherd University,,shepherdrams.com,https://shepherdrams.com/sports/mens-basketball/stats,sidearm,"Banks, Marcus",7
Shippensburg,PSAC,shipraiders.com,https://shipraiders.com/sports/mens-basketball/stats,sidearm,"Boone, Jackson",10
Shorter,Carolinas,goshorterhawks.com,https://goshorterhawks.com/sports/mens-basketball/stats,sidearm,"Bibbs, Chris",7
Simon Fraser,,athletics.sfu.ca,https://athletics.sfu.ca/sports/mens-basketball/stats,sidearm,"Bhangu, Sartaj",10
Sioux Falls,NSIC,usfcougars.com,https://usfcougars.com/sports/mens-basketball/stats,sidearm,"Ashley, Taylen",10
Slippery Rock,PSAC,rockathletics.com,https://rockathletics.com/sports/mens-basketball/stats,sidearm,"Austin, Maceo",11
South Carolina Aiken,PBC,pacersports.com,https://pacersports.com/sports/mens-basketball/stats,sidearm,"Byrd, Caleb",11
South Dakota Mines,RMAC,gorockers.com,https://gorockers.com/sports/mens-basketball/stats,sidearm,"Baltz, Luke",10
Southeastern Oklahoma State,,gosoutheastern.com,https://gosoutheastern.com/sports/mens-basketball/stats,sidearm,"Camacho Gomez, Santiago",9
Southern Arkansas,GAC,muleriderathletics.com,https://muleriderathletics.com/sports/mens-basketball/stats,sidearm,"Horton, Jair",11
Southern Connecticut State,NE-10,scsuowls.com,https://scsuowls.com/sports/mens-basketball/stats,sidearm,"Banks, Malik",8
Southern Nazarene,,snuathletics.com,https://snuathletics.com/sports/mens-basketball/stats,sidearm,"Bracey, Baron",9
Southern New Hampshire,NE-10,snhupenmen.com,https://snhupenmen.com/sports/mens-basketball/stats,sidearm,"Daniels, Ray",11
Southern Wesleyan,Carolinas,swuathletics.com,https://swuathletics.com/sports/mens-basketball/stats,sidearm,"Cooper, Malachi",7
Southwest Baptist,GLVC,sbubearcats.com,https://sbubearcats.com/sports/mens-basketball/stats,sidearm,"Gayman, Leo",8
Southwest Minnesota State,,,,sidearm,"Boike, Brayson",14
Southwestern Oklahoma State,GAC,swosuathletics.com,https://swosuathletics.com/sports/mens-basketball/stats,sidearm,"Carter, Kayden",9
Spring Hill,,shcbadgers.com,https://shcbadgers.com/sports/mens-basketball/stats,sidearm,"Abuladze, Nikoloz",9
St Cloud State,NSIC,scsuhuskies.com,https://scsuhuskies.com/sports/mens-basketball/stats,sidearm,"Dahl, Nate",9
St Edwards,LSC,gohilltoppers.com,https://gohilltoppers.com/sports/mens-basketball/stats,sidearm,"Barei, Luca",9
St Marys TX,LSC,rattlerathletics.com,https://rattlerathletics.com/sports/mens-basketball/stats,sidearm,"Britt, Justin",8
St Thomas Aquinas,ECC,www.stacathletics.com,https://www.stacathletics.com/sports/mbkb/2025-26/teams/stthomasaquinas,generic,Anthony Daley,12
Stanislaus,CCAA,warriorathletics.com,https://warriorathletics.com/sports/mens-basketball/stats,sidearm,"Ameyaw, Daniel",11
Staten Island,ECC,csidolphins.com,https://csidolphins.com/sports/mens-basketball/stats,sidearm,"Benedict, Andrew",10
Sul Ross State,LSC,srlobos.com,https://srlobos.com/sports/mens-basketball/stats,sidearm,"Barclay, Julien",12
Tampa,,www.tampaspartans.com,https://www.tampaspartans.com/sports/mbkb/2025-26/teams/tampa,prestosports,B.J. Schaeffer,11
Texas AM International,LSC,godustdevils.com,https://godustdevils.com/sports/mens-basketball/stats,sidearm,"Carter, Knowledge",10
Texas AM Kingsville,,javelinaathletics.com,https://javelinaathletics.com/sports/mens-basketball/stats,sidearm,"Carr, Caleb",12
Texas Permian Basin,,utpbfalcons.com,https://utpbfalcons.com/sports/mens-basketball/stats,sidearm,"Burnett, Marcus",11
Thomas More,G-MAC,thomasmoresaints.com,https://thomasmoresaints.com/sports/mens-basketball/stats,sidearm,"Allen, Daniel",13
Tiffin,G-MAC,gotiffindragons.com,https://gotiffindragons.com/sports/mens-basketball/stats,sidearm,"Bates, Caleb",12
Trevecca Nazarene,GSC,tnutrojans.com,https://tnutrojans.com/sports/mens-basketball/stats,sidearm,"Abernathy, Jax",11
Truman,,trumanbulldogs.com,https://trumanbulldogs.com/sports/mens-basketball/stats,sidearm,"Anderson, Troy",10
Tusculum,SAC,www.tusculumpioneers.com,https://www.tusculumpioneers.com/sports/mbkb/2025-26/teams/tusculum?view=lineup,generic,AJ Murphy,10
Tuskegee,SIAC,goldentigersports.com,https://goldentigersports.com/sports/mens-basketball/stats,sidearm,"Bolton III, Derrek",8
UNC Pembroke,Carolinas,uncpbraves.com,https://uncpbraves.com/sports/mens-basketball/stats,sidearm,"Anderson, Demar",12
USC Beaufort,,uscbathletics.com,https://uscbathletics.com/sports/mens-basketball/stats,sidearm,"Anderson, Qurahn",13
Union TN,,uuathletics.com,https://uuathletics.com/sports/mens-basketball/stats,sidearm,"Allen, Jamiir",10
University of Charleston,MEC,ucgoldeneagles.com,https://ucgoldeneagles.com/sports/mens-basketball/stats,sidearm,"Barrett, Trevor",9
University of Mary,NSIC,goumary.com,https://goumary.com/sports/mens-basketball/stats,sidearm,"Austin, Andre",13
Upper Iowa,GLVC,uiupeacocks.com,https://uiupeacocks.com/sports/mens-basketball/stats,sidearm,"Erwin, Zach",9
Valdosta State,GSC,vstateblazers.com,https://vstateblazers.com/sports/mens-basketball/stats,sidearm,"Batchelor, Michael",12
Vanguard,PacWest,vanguardlions.com,https://vanguardlions.com/sports/mens-basketball/stats,sidearm,"Cisse, Pape",8
Virginia State,CIAA,govsutrojans.com,https://govsutrojans.com/sports/mens-basketball/stats,sidearm,"Clawson, Jared",11
Virginia Wise,,uvawisecavs.com,https://uvawisecavs.com/sports/mens-basketball/stats,sidearm,"Cummins, Anderson",9
WV Wesleyan,MEC,wesleyanbobcats.com,https://wesleyanbobcats.com/sports/mens-basketball/stats,sidearm,"Baker, Isaiah",12
Walsh,G-MAC,athletics.walsh.edu,https://athletics.walsh.edu/sports/mens-basketball/stats,sidearm,"Barnett, Quintero",10
Washburn,MIAA,wusports.com,https://wusports.com/sports/mens-basketball/stats,sidearm,"Bachelor, Jack",9
Wayne State,GLIAC,wsuathletics.com,https://wsuathletics.com/sports/mens-basketball/stats,sidearm,"Ayrault, Adam",9
Wayne State NEB,NSIC,wscwildcats.com,https://wscwildcats.com/sports/mens-basketball/stats,sidearm,"Ferrin, JJ",8
West Alabama,GSC,uwaathletics.com,https://uwaathletics.com/sports/mens-basketball/stats,sidearm,"Brown Jr., BJ",7
West Chester PA,PSAC,wcupagoldenrams.com,https://wcupagoldenrams.com/sports/mens-basketball/stats,sidearm,"Blair, Dylan",7
West Florida,GSC,goargos.com,https://goargos.com/sports/mens-basketball/stats,sidearm,"Demings, Aric",10
West Liberty,MEC,hilltoppersports.com,https://hilltoppersports.com/sports/mens-basketball/stats,sidearm,"Abdullah, Hayden",11
West Texas AM,,gobuffsgo.com,https://gobuffsgo.com/sports/mens-basketball/stats,sidearm,"Ballard, Brendan",9
West Virginia State,MEC,wvsuyellowjackets.com,https://wvsuyellowjackets.com/sports/mens-basketball/stats,sidearm,"Belkhaddar , Hassan",12
Western Colorado,RMAC,gomountaineers.com,https://gomountaineers.com/sports/mens-basketball/stats,sidearm,"Grant, Dawlton",9
Western New Mexico,LSC,wnmumustangs.com,https://wnmumustangs.com/sports/mens-basketball/stats,sidearm,"Adams , Quincy",9
Western Oregon,GNAC,wouwolves.com,https://wouwolves.com/sports/mens-basketball/stats,sidearm,"Baumann, Parker",10
Western Washington,GNAC,wwuvikings.com,https://wwuvikings.com/sports/mens-basketball/stats,sidearm,"Grante-Halliday, Louis",8
Westminster,RMAC,westminstergriffins.com,https://westminstergriffins.com/sports/mens-basketball/stats,sidearm,"Ball, Tommy",11
Westmont,,athletics.westmont.edu,https://athletics.westmont.edu/sports/mens-basketball/stats,sidearm,"Bigott, Braedon",9
Wheeling,MEC,wucardinals.com,https://wucardinals.com/sports/mens-basketball/stats,sidearm,"Beresford, Trevor",9
William Jewel,GLVC,jewellcardinals.com,https://jewellcardinals.com/sports/mens-basketball/stats,sidearm,"Gudza, Kanukayi",8
Wilmington DE,,wildcats.athletics.wilmu.edu,https://wildcats.athletics.wilmu.edu/sports/mbkb/2025-26/teams/wilmingtondel?view=lineup&r=0&pos=sh,generic,Akeem Taylor,8
Wingate,SAC,wingatebulldogs.com,https://wingatebulldogs.com/sports/mens-basketball/stats,sidearm,"Bradley, Derek",9
Winona State,NSIC,winonastatewarriors.com,https://winonastatewarriors.com/sports/mens-basketball/stats,sidearm,"Bardic, Aidan",11
Winston-Salem State,CIAA,wssurams.com,https://wssurams.com/sports/mens-basketball/stats,sidearm,"Boykin, Tyre",9
Young Harris,Carolinas,yhcathletics.com,https://yhcathletics.com/sports/mens-basketball/stats,sidearm,"Baker, Brayden",11
